"TIPO","FECHA","description","TX"
"RENAPO","2024/09/08 23","Procesada","9744"
"RENAPO","2024/09/08 23","Procesada por Cache","2995"
"RENAPO","2024/09/08 23","Rechazada por limite de Transacciones permitidas","7923"
"RENAPO","2024/09/08 23","Sin Respuesta de RENAPO","81"
"RENAPO","2024/09/08 22","Procesada","10900"
"RENAPO","2024/09/08 22","Procesada por Cache","3381"
"RENAPO","2024/09/08 22","Rechazada por limite de Transacciones permitidas","4120"
"RENAPO","2024/09/08 22","Sin Respuesta de RENAPO","359"
"RENAPO","2024/09/08 21","Procesada","11685"
"RENAPO","2024/09/08 21","Procesada por Cache","3573"
"RENAPO","2024/09/08 21","Rechazada por limite de Transacciones permitidas","430"
"RENAPO","2024/09/08 21","Sin Respuesta de RENAPO","1527"
"RENAPO","2024/09/08 20","Procesada","11544"
"RENAPO","2024/09/08 20","Procesada por Cache","3676"
"RENAPO","2024/09/08 20","Rechazada por limite de Transacciones permitidas","544"
"RENAPO","2024/09/08 20","Sin Respuesta de RENAPO","2875"
"RENAPO","2024/09/08 19","Procesada","11040"
"RENAPO","2024/09/08 19","Procesada por Cache","4072"
"RENAPO","2024/09/08 19","Rechazada por limite de Transacciones permitidas","715"
"RENAPO","2024/09/08 19","Sin Respuesta de RENAPO","5584"
"RENAPO","2024/09/08 18","Procesada","10448"
"RENAPO","2024/09/08 18","Procesada por Cache","4063"
"RENAPO","2024/09/08 18","Rechazada por limite de Transacciones permitidas","1284"
"RENAPO","2024/09/08 18","Recibida","104"
"RENAPO","2024/09/08 18","Sin Respuesta de RENAPO","8836"
"RENAPO","2024/09/08 17","Procesada","9984"
"RENAPO","2024/09/08 17","Procesada por Cache","4017"
"RENAPO","2024/09/08 17","Rechazada por limite de Transacciones permitidas","1151"
"RENAPO","2024/09/08 17","Recibida","176"
"RENAPO","2024/09/08 17","Sin Respuesta de RENAPO","11008"
"RENAPO","2024/09/08 16","Procesada","10003"
"RENAPO","2024/09/08 16","Procesada por Cache","4078"
"RENAPO","2024/09/08 16","Rechazada por limite de Transacciones permitidas","722"
"RENAPO","2024/09/08 16","Recibida","293"
"RENAPO","2024/09/08 16","Sin Respuesta de RENAPO","11413"
"RENAPO","2024/09/08 15","Procesada","10151"
"RENAPO","2024/09/08 15","Procesada por Cache","4082"
"RENAPO","2024/09/08 15","Rechazada por limite de Transacciones permitidas","4415"
"RENAPO","2024/09/08 15","Recibida","1067"
"RENAPO","2024/09/08 15","Sin Respuesta de RENAPO","11006"
"RENAPO","2024/09/08 14","Procesada","10204"
"RENAPO","2024/09/08 14","Procesada por Cache","4248"
"RENAPO","2024/09/08 14","Rechazada por limite de Transacciones permitidas","4823"
"RENAPO","2024/09/08 14","Recibida","2055"
"RENAPO","2024/09/08 14","Sin Respuesta de RENAPO","9295"
"RENAPO","2024/09/08 13","Procesada","9988"
"RENAPO","2024/09/08 13","Procesada por Cache","7235"
"RENAPO","2024/09/08 13","Rechazada por limite de Transacciones permitidas","2161"
"RENAPO","2024/09/08 13","Recibida","664"
"RENAPO","2024/09/08 13","Sin Respuesta de RENAPO","10637"
"RENAPO","2024/09/08 12","Procesada","9828"
"RENAPO","2024/09/08 12","Procesada por Cache","4026"
"RENAPO","2024/09/08 12","Rechazada por limite de Transacciones permitidas","648"
"RENAPO","2024/09/08 12","Recibida","350"
"RENAPO","2024/09/08 12","Sin Respuesta de RENAPO","10880"
"RENAPO","2024/09/08 11","Procesada","10427"
"RENAPO","2024/09/08 11","Procesada por Cache","3805"
"RENAPO","2024/09/08 11","Rechazada por limite de Transacciones permitidas","64"
"RENAPO","2024/09/08 11","Sin Respuesta de RENAPO","7570"
"RENAPO","2024/09/08 10","Procesada","10650"
"RENAPO","2024/09/08 10","Procesada por Cache","2806"
"RENAPO","2024/09/08 10","Sin Respuesta de RENAPO","270"
"RENAPO","2024/09/08 09","Procesada","8009"
"RENAPO","2024/09/08 09","Procesada por Cache","2310"
"RENAPO","2024/09/08 09","Sin Respuesta de RENAPO","131"
"RENAPO","2024/09/08 08","Procesada","6212"
"RENAPO","2024/09/08 08","Procesada por Cache","1850"
"RENAPO","2024/09/08 08","Sin Respuesta de RENAPO","79"
"RENAPO","2024/09/08 07","Procesada","6534"
"RENAPO","2024/09/08 07","Procesada por Cache","1414"
"RENAPO","2024/09/08 07","Sin Respuesta de RENAPO","76"
"RENAPO","2024/09/08 06","Procesada","4754"
"RENAPO","2024/09/08 06","Procesada por Cache","1074"
"RENAPO","2024/09/08 06","Sin Respuesta de RENAPO","69"
"RENAPO","2024/09/08 05","Procesada","4244"
"RENAPO","2024/09/08 05","Procesada por Cache","962"
"RENAPO","2024/09/08 05","Sin Respuesta de RENAPO","44"
"RENAPO","2024/09/08 04","Procesada","4229"
"RENAPO","2024/09/08 04","Procesada por Cache","918"
"RENAPO","2024/09/08 04","Sin Respuesta de RENAPO","65"
"RENAPO","2024/09/08 03","Procesada","4500"
"RENAPO","2024/09/08 03","Procesada por Cache","1132"
"RENAPO","2024/09/08 03","Sin Respuesta de RENAPO","56"
"RENAPO","2024/09/08 02","Procesada","4872"
"RENAPO","2024/09/08 02","Procesada por Cache","1207"
"RENAPO","2024/09/08 02","Sin Respuesta de RENAPO","62"
"RENAPO","2024/09/08 01","Procesada","5806"
"RENAPO","2024/09/08 01","Procesada por Cache","1478"
"RENAPO","2024/09/08 01","Sin Respuesta de RENAPO","97"
"RENAPO","2024/09/08 00","Procesada","6512"
"RENAPO","2024/09/08 00","Procesada por Cache","1783"
"RENAPO","2024/09/08 00","Sin Respuesta de RENAPO","67"
"RENAPO","2024/09/07 23","Procesada","6128"
"RENAPO","2024/09/07 23","Procesada por Cache","2207"
"RENAPO","2024/09/07 23","Rechazada por limite de Transacciones permitidas","4014"
"RENAPO","2024/09/07 23","Sin Respuesta de RENAPO","69"
"RENAPO","2024/09/07 22","Procesada","9200"
"RENAPO","2024/09/07 22","Procesada por Cache","5482"
"RENAPO","2024/09/07 22","Sin Respuesta de RENAPO","82"
"RENAPO","2024/09/07 21","Procesada","10996"
"RENAPO","2024/09/07 21","Procesada por Cache","6017"
"RENAPO","2024/09/07 21","Sin Respuesta de RENAPO","407"
"RENAPO","2024/09/07 20","Procesada","11199"
"RENAPO","2024/09/07 20","Procesada por Cache","6152"
"RENAPO","2024/09/07 20","Rechazada por limite de Transacciones permitidas","4"
"RENAPO","2024/09/07 20","Sin Respuesta de RENAPO","3342"
"RENAPO","2024/09/07 19","Procesada","11173"
"RENAPO","2024/09/07 19","Procesada por Cache","3767"
"RENAPO","2024/09/07 19","Rechazada por limite de Transacciones permitidas","449"
"RENAPO","2024/09/07 19","Sin Respuesta de RENAPO","4444"
"RENAPO","2024/09/07 18","Procesada","10758"
"RENAPO","2024/09/07 18","Procesada por Cache","4325"
"RENAPO","2024/09/07 18","Rechazada por limite de Transacciones permitidas","832"
"RENAPO","2024/09/07 18","Sin Respuesta de RENAPO","7651"
"RENAPO","2024/09/07 17","Procesada","10191"
"RENAPO","2024/09/07 17","Procesada por Cache","4125"
"RENAPO","2024/09/07 17","Rechazada por limite de Transacciones permitidas","1092"
"RENAPO","2024/09/07 17","Recibida","61"
"RENAPO","2024/09/07 17","Sin Respuesta de RENAPO","9777"
"RENAPO","2024/09/07 16","Procesada","9958"
"RENAPO","2024/09/07 16","Procesada por Cache","4079"
"RENAPO","2024/09/07 16","Rechazada por limite de Transacciones permitidas","1635"
"RENAPO","2024/09/07 16","Recibida","170"
"RENAPO","2024/09/07 16","Sin Respuesta de RENAPO","11231"
"RENAPO","2024/09/07 15","Procesada","9652"
"RENAPO","2024/09/07 15","Procesada por Cache","4094"
"RENAPO","2024/09/07 15","Rechazada por limite de Transacciones permitidas","1129"
"RENAPO","2024/09/07 15","Recibida","226"
"RENAPO","2024/09/07 15","Sin Respuesta de RENAPO","12205"
"RENAPO","2024/09/07 14","Procesada","9860"
"RENAPO","2024/09/07 14","Procesada por Cache","4148"
"RENAPO","2024/09/07 14","Rechazada por limite de Transacciones permitidas","2936"
"RENAPO","2024/09/07 14","Recibida","1080"
"RENAPO","2024/09/07 14","Sin Respuesta de RENAPO","10554"
"RENAPO","2024/09/07 13","Procesada","9670"
"RENAPO","2024/09/07 13","Procesada por Cache","4192"
"RENAPO","2024/09/07 13","Rechazada por limite de Transacciones permitidas","3026"
"RENAPO","2024/09/07 13","Recibida","825"
"RENAPO","2024/09/07 13","Sin Respuesta de RENAPO","11775"
"RENAPO","2024/09/07 12","Procesada","9950"
"RENAPO","2024/09/07 12","Procesada por Cache","4218"
"RENAPO","2024/09/07 12","Rechazada por limite de Transacciones permitidas","3075"
"RENAPO","2024/09/07 12","Recibida","1027"
"RENAPO","2024/09/07 12","Sin Respuesta de RENAPO","10344"
"RENAPO","2024/09/07 11","Procesada","9802"
"RENAPO","2024/09/07 11","Procesada por Cache","3903"
"RENAPO","2024/09/07 11","Rechazada por limite de Transacciones permitidas","1228"
"RENAPO","2024/09/07 11","Recibida","359"
"RENAPO","2024/09/07 11","Sin Respuesta de RENAPO","10173"
"RENAPO","2024/09/07 10","Procesada","11082"
"RENAPO","2024/09/07 10","Procesada por Cache","3475"
"RENAPO","2024/09/07 10","Sin Respuesta de RENAPO","3390"
"RENAPO","2024/09/07 09","Procesada","9664"
"RENAPO","2024/09/07 09","Procesada por Cache","2602"
"RENAPO","2024/09/07 09","Sin Respuesta de RENAPO","108"
"RENAPO","2024/09/07 08","Procesada","6497"
"RENAPO","2024/09/07 08","Procesada por Cache","1953"
"RENAPO","2024/09/07 08","Sin Respuesta de RENAPO","51"
"RENAPO","2024/09/07 07","Procesada","3915"
"RENAPO","2024/09/07 07","Procesada por Cache","1345"
"RENAPO","2024/09/07 07","Sin Respuesta de RENAPO","72"
"RENAPO","2024/09/07 06","Procesada","1990"
"RENAPO","2024/09/07 06","Procesada por Cache","1002"
"RENAPO","2024/09/07 06","Sin Respuesta de RENAPO","25"
"RENAPO","2024/09/07 05","Procesada","1099"
"RENAPO","2024/09/07 05","Procesada por Cache","931"
"RENAPO","2024/09/07 05","Sin Respuesta de RENAPO","37"
"RENAPO","2024/09/07 04","Procesada","915"
"RENAPO","2024/09/07 04","Procesada por Cache","947"
"RENAPO","2024/09/07 04","Sin Respuesta de RENAPO","24"
"RENAPO","2024/09/07 03","Procesada","1251"
"RENAPO","2024/09/07 03","Procesada por Cache","3405"
"RENAPO","2024/09/07 03","Sin Respuesta de RENAPO","29"
"RENAPO","2024/09/07 02","Procesada","2062"
"RENAPO","2024/09/07 02","Procesada por Cache","3692"
"RENAPO","2024/09/07 02","Sin Respuesta de RENAPO","41"
"RENAPO","2024/09/07 01","Procesada","3498"
"RENAPO","2024/09/07 01","Procesada por Cache","1803"
"RENAPO","2024/09/07 01","Sin Respuesta de RENAPO","50"
"RENAPO","2024/09/07 00","Procesada","5938"
"RENAPO","2024/09/07 00","Procesada por Cache","1900"
"RENAPO","2024/09/07 00","Sin Respuesta de RENAPO","99"
"RENAPO","2024/09/06 23","Procesada","7078"
"RENAPO","2024/09/06 23","Procesada por Cache","2409"
"RENAPO","2024/09/06 23","Rechazada por limite de Transacciones permitidas","6965"
"RENAPO","2024/09/06 23","Sin Respuesta de RENAPO","101"
"RENAPO","2024/09/06 22","Procesada","10828"
"RENAPO","2024/09/06 22","Procesada por Cache","3409"
"RENAPO","2024/09/06 22","Rechazada por limite de Transacciones permitidas","8441"
"RENAPO","2024/09/06 22","Sin Respuesta de RENAPO","204"
"RENAPO","2024/09/06 21","Procesada","11707"
"RENAPO","2024/09/06 21","Procesada por Cache","3546"
"RENAPO","2024/09/06 21","Sin Respuesta de RENAPO","1524"
"RENAPO","2024/09/06 20","Procesada","11319"
"RENAPO","2024/09/06 20","Procesada por Cache","4085"
"RENAPO","2024/09/06 20","Sin Respuesta de RENAPO","5037"
"RENAPO","2024/09/06 19","Procesada","10759"
"RENAPO","2024/09/06 19","Procesada por Cache","4047"
"RENAPO","2024/09/06 19","Sin Respuesta de RENAPO","8607"
"RENAPO","2024/09/06 18","Procesada","10282"
"RENAPO","2024/09/06 18","Procesada por Cache","4406"
"RENAPO","2024/09/06 18","Rechazada por limite de Transacciones permitidas","1307"
"RENAPO","2024/09/06 18","Recibida","54"
"RENAPO","2024/09/06 18","Sin Respuesta de RENAPO","10303"
"RENAPO","2024/09/06 17","Procesada","10176"
"RENAPO","2024/09/06 17","Procesada por Cache","4591"
"RENAPO","2024/09/06 17","Rechazada por limite de Transacciones permitidas","2714"
"RENAPO","2024/09/06 17","Recibida","789"
"RENAPO","2024/09/06 17","Sin Respuesta de RENAPO","10854"
"RENAPO","2024/09/06 16","Procesada","9837"
"RENAPO","2024/09/06 16","Procesada por Cache","4591"
"RENAPO","2024/09/06 16","Rechazada por limite de Transacciones permitidas","3096"
"RENAPO","2024/09/06 16","Recibida","436"
"RENAPO","2024/09/06 16","Sin Respuesta de RENAPO","12179"
"RENAPO","2024/09/06 15","Procesada","9862"
"RENAPO","2024/09/06 15","Procesada por Cache","4520"
"RENAPO","2024/09/06 15","Rechazada por limite de Transacciones permitidas","2537"
"RENAPO","2024/09/06 15","Recibida","469"
"RENAPO","2024/09/06 15","Sin Respuesta de RENAPO","11389"
"RENAPO","2024/09/06 14","Procesada","10453"
"RENAPO","2024/09/06 14","Procesada por Cache","4569"
"RENAPO","2024/09/06 14","Rechazada por limite de Transacciones permitidas","3939"
"RENAPO","2024/09/06 14","Recibida","1284"
"RENAPO","2024/09/06 14","Sin Respuesta de RENAPO","7827"
"RENAPO","2024/09/06 13","Procesada","10649"
"RENAPO","2024/09/06 13","Procesada por Cache","4714"
"RENAPO","2024/09/06 13","Rechazada por limite de Transacciones permitidas","5865"
"RENAPO","2024/09/06 13","Recibida","1336"
"RENAPO","2024/09/06 13","Sin Respuesta de RENAPO","6895"
"RENAPO","2024/09/06 12","Procesada","10713"
"RENAPO","2024/09/06 12","Procesada por Cache","4793"
"RENAPO","2024/09/06 12","Rechazada por limite de Transacciones permitidas","5904"
"RENAPO","2024/09/06 12","Recibida","1724"
"RENAPO","2024/09/06 12","Sin Respuesta de RENAPO","6495"
"RENAPO","2024/09/06 11","Procesada","10640"
"RENAPO","2024/09/06 11","Procesada por Cache","4702"
"RENAPO","2024/09/06 11","Rechazada por limite de Transacciones permitidas","5197"
"RENAPO","2024/09/06 11","Recibida","1560"
"RENAPO","2024/09/06 11","Sin Respuesta de RENAPO","6311"
"RENAPO","2024/09/06 10","Procesada","10617"
"RENAPO","2024/09/06 10","Procesada por Cache","4202"
"RENAPO","2024/09/06 10","Rechazada por limite de Transacciones permitidas","921"
"RENAPO","2024/09/06 10","Recibida","1295"
"RENAPO","2024/09/06 10","Sin Respuesta de RENAPO","6701"
"RENAPO","2024/09/06 09","Procesada","10760"
"RENAPO","2024/09/06 09","Procesada por Cache","2788"
"RENAPO","2024/09/06 09","Sin Respuesta de RENAPO","1221"
"RENAPO","2024/09/06 08","Procesada","7556"
"RENAPO","2024/09/06 08","Procesada por Cache","1945"
"RENAPO","2024/09/06 08","Sin Respuesta de RENAPO","106"
"RENAPO","2024/09/06 07","Procesada","4596"
"RENAPO","2024/09/06 07","Procesada por Cache","1310"
"RENAPO","2024/09/06 07","Sin Respuesta de RENAPO","83"
"RENAPO","2024/09/06 06","Procesada","2485"
"RENAPO","2024/09/06 06","Procesada por Cache","858"
"RENAPO","2024/09/06 06","Sin Respuesta de RENAPO","43"
"RENAPO","2024/09/06 05","Procesada","1301"
"RENAPO","2024/09/06 05","Procesada por Cache","564"
"RENAPO","2024/09/06 05","Sin Respuesta de RENAPO","27"
"RENAPO","2024/09/06 04","Procesada","975"
"RENAPO","2024/09/06 04","Procesada por Cache","573"
"RENAPO","2024/09/06 04","Sin Respuesta de RENAPO","13"
"RENAPO","2024/09/06 03","Procesada","1237"
"RENAPO","2024/09/06 03","Procesada por Cache","706"
"RENAPO","2024/09/06 03","Sin Respuesta de RENAPO","22"
"RENAPO","2024/09/06 02","Procesada","1715"
"RENAPO","2024/09/06 02","Procesada por Cache","949"
"RENAPO","2024/09/06 02","Sin Respuesta de RENAPO","22"
"RENAPO","2024/09/06 01","Procesada","2833"
"RENAPO","2024/09/06 01","Procesada por Cache","1332"
"RENAPO","2024/09/06 01","Sin Respuesta de RENAPO","40"
"RENAPO","2024/09/06 00","Procesada","5022"
"RENAPO","2024/09/06 00","Procesada por Cache","1799"
"RENAPO","2024/09/06 00","Sin Respuesta de RENAPO","89"
"RENAPO","2024/09/05 23","Procesada","8517"
"RENAPO","2024/09/05 23","Procesada por Cache","4357"
"RENAPO","2024/09/05 23","Sin Respuesta de RENAPO","108"
"RENAPO","2024/09/05 22","Procesada","11481"
"RENAPO","2024/09/05 22","Procesada por Cache","5549"
"RENAPO","2024/09/05 22","Rechazada por limite de Transacciones permitidas","6739"
"RENAPO","2024/09/05 22","Sin Respuesta de RENAPO","301"
"RENAPO","2024/09/05 21","Procesada","11313"
"RENAPO","2024/09/05 21","Procesada por Cache","4224"
"RENAPO","2024/09/05 21","Rechazada por limite de Transacciones permitidas","8892"
"RENAPO","2024/09/05 21","Sin Respuesta de RENAPO","1818"
"RENAPO","2024/09/05 20","Procesada","10795"
"RENAPO","2024/09/05 20","Procesada por Cache","4198"
"RENAPO","2024/09/05 20","Rechazada por limite de Transacciones permitidas","135"
"RENAPO","2024/09/05 20","Recibida","405"
"RENAPO","2024/09/05 20","Sin Respuesta de RENAPO","7802"
"RENAPO","2024/09/05 19","Procesada","10708"
"RENAPO","2024/09/05 19","Procesada por Cache","4453"
"RENAPO","2024/09/05 19","Rechazada por limite de Transacciones permitidas","931"
"RENAPO","2024/09/05 19","Recibida","1154"
"RENAPO","2024/09/05 19","Sin Respuesta de RENAPO","7586"
"RENAPO","2024/09/05 18","Procesada","10419"
"RENAPO","2024/09/05 18","Procesada por Cache","4514"
"RENAPO","2024/09/05 18","Rechazada por limite de Transacciones permitidas","4047"
"RENAPO","2024/09/05 18","Recibida","1224"
"RENAPO","2024/09/05 18","Sin Respuesta de RENAPO","7245"
"RENAPO","2024/09/05 17","Procesada","10486"
"RENAPO","2024/09/05 17","Procesada por Cache","4790"
"RENAPO","2024/09/05 17","Rechazada por limite de Transacciones permitidas","5092"
"RENAPO","2024/09/05 17","Recibida","1427"
"RENAPO","2024/09/05 17","Sin Respuesta de RENAPO","7143"
"RENAPO","2024/09/05 16","Procesada","10681"
"RENAPO","2024/09/05 16","Procesada por Cache","4899"
"RENAPO","2024/09/05 16","Rechazada por limite de Transacciones permitidas","5082"
"RENAPO","2024/09/05 16","Recibida","1329"
"RENAPO","2024/09/05 16","Sin Respuesta de RENAPO","6743"
"RENAPO","2024/09/05 15","Procesada","10583"
"RENAPO","2024/09/05 15","Procesada por Cache","4749"
"RENAPO","2024/09/05 15","Rechazada por limite de Transacciones permitidas","4514"
"RENAPO","2024/09/05 15","Recibida","1361"
"RENAPO","2024/09/05 15","Sin Respuesta de RENAPO","7439"
"RENAPO","2024/09/05 14","Procesada","10818"
"RENAPO","2024/09/05 14","Procesada por Cache","4888"
"RENAPO","2024/09/05 14","Rechazada por limite de Transacciones permitidas","5276"
"RENAPO","2024/09/05 14","Recibida","1472"
"RENAPO","2024/09/05 14","Sin Respuesta de RENAPO","6584"
"RENAPO","2024/09/05 13","Procesada","10666"
"RENAPO","2024/09/05 13","Procesada por Cache","4953"
"RENAPO","2024/09/05 13","Rechazada por limite de Transacciones permitidas","6338"
"RENAPO","2024/09/05 13","Recibida","1481"
"RENAPO","2024/09/05 13","Sin Respuesta de RENAPO","6880"
"RENAPO","2024/09/05 12","Procesada","10599"
"RENAPO","2024/09/05 12","Procesada por Cache","4753"
"RENAPO","2024/09/05 12","Rechazada por limite de Transacciones permitidas","9088"
"RENAPO","2024/09/05 12","Recibida","1667"
"RENAPO","2024/09/05 12","Sin Respuesta de RENAPO","6497"
"RENAPO","2024/09/05 11","Procesada","10629"
"RENAPO","2024/09/05 11","Procesada por Cache","4626"
"RENAPO","2024/09/05 11","Rechazada por limite de Transacciones permitidas","7642"
"RENAPO","2024/09/05 11","Recibida","1808"
"RENAPO","2024/09/05 11","Sin Respuesta de RENAPO","5968"
"RENAPO","2024/09/05 10","Procesada","10939"
"RENAPO","2024/09/05 10","Procesada por Cache","4619"
"RENAPO","2024/09/05 10","Rechazada por limite de Transacciones permitidas","2420"
"RENAPO","2024/09/05 10","Recibida","1683"
"RENAPO","2024/09/05 10","Sin Respuesta de RENAPO","6710"
"RENAPO","2024/09/05 09","Procesada","10703"
"RENAPO","2024/09/05 09","Procesada por Cache","3280"
"RENAPO","2024/09/05 09","Rechazada por limite de Transacciones permitidas","64"
"RENAPO","2024/09/05 09","Recibida","22"
"RENAPO","2024/09/05 09","Sin Respuesta de RENAPO","3645"
"RENAPO","2024/09/05 08","Procesada","7739"
"RENAPO","2024/09/05 08","Procesada por Cache","1886"
"RENAPO","2024/09/05 08","Sin Respuesta de RENAPO","51"
"RENAPO","2024/09/05 07","Procesada","4571"
"RENAPO","2024/09/05 07","Procesada por Cache","1245"
"RENAPO","2024/09/05 07","Sin Respuesta de RENAPO","54"
"RENAPO","2024/09/05 06","Procesada","2402"
"RENAPO","2024/09/05 06","Procesada por Cache","788"
"RENAPO","2024/09/05 06","Sin Respuesta de RENAPO","34"
"RENAPO","2024/09/05 05","Procesada","1211"
"RENAPO","2024/09/05 05","Procesada por Cache","657"
"RENAPO","2024/09/05 05","Sin Respuesta de RENAPO","16"
"RENAPO","2024/09/05 04","Procesada","967"
"RENAPO","2024/09/05 04","Procesada por Cache","733"
"RENAPO","2024/09/05 04","Sin Respuesta de RENAPO","21"
"RENAPO","2024/09/05 03","Procesada","1063"
"RENAPO","2024/09/05 03","Procesada por Cache","1170"
"RENAPO","2024/09/05 03","Sin Respuesta de RENAPO","16"
"RENAPO","2024/09/05 02","Procesada","1559"
"RENAPO","2024/09/05 02","Procesada por Cache","1344"
"RENAPO","2024/09/05 02","Sin Respuesta de RENAPO","32"
"RENAPO","2024/09/05 01","Procesada","3266"
"RENAPO","2024/09/05 01","Procesada por Cache","1207"
"RENAPO","2024/09/05 01","Sin Respuesta de RENAPO","62"
"RENAPO","2024/09/05 00","Procesada","7619"
"RENAPO","2024/09/05 00","Procesada por Cache","1834"
"RENAPO","2024/09/05 00","Sin Respuesta de RENAPO","232"
"RENAPO","2024/09/04 23","Procesada","8872"
"RENAPO","2024/09/04 23","Procesada por Cache","3212"
"RENAPO","2024/09/04 23","Rechazada por limite de Transacciones permitidas","8157"
"RENAPO","2024/09/04 23","Sin Respuesta de RENAPO","123"
"RENAPO","2024/09/04 22","Procesada","9788"
"RENAPO","2024/09/04 22","Procesada por Cache","3514"
"RENAPO","2024/09/04 22","Rechazada por limite de Transacciones permitidas","10149"
"RENAPO","2024/09/04 22","Sin Respuesta de RENAPO","222"
"RENAPO","2024/09/04 21","Procesada","10917"
"RENAPO","2024/09/04 21","Procesada por Cache","3825"
"RENAPO","2024/09/04 21","Rechazada por limite de Transacciones permitidas","8532"
"RENAPO","2024/09/04 21","Sin Respuesta de RENAPO","1379"
"RENAPO","2024/09/04 20","Procesada","10596"
"RENAPO","2024/09/04 20","Procesada por Cache","4363"
"RENAPO","2024/09/04 20","Sin Respuesta de RENAPO","7791"
"RENAPO","2024/09/04 19","Procesada","10570"
"RENAPO","2024/09/04 19","Procesada por Cache","4691"
"RENAPO","2024/09/04 19","Rechazada por limite de Transacciones permitidas","488"
"RENAPO","2024/09/04 19","Recibida","935"
"RENAPO","2024/09/04 19","Sin Respuesta de RENAPO","7741"
"RENAPO","2024/09/04 18","Procesada","10718"
"RENAPO","2024/09/04 18","Procesada por Cache","4759"
"RENAPO","2024/09/04 18","Rechazada por limite de Transacciones permitidas","3224"
"RENAPO","2024/09/04 18","Recibida","963"
"RENAPO","2024/09/04 18","Sin Respuesta de RENAPO","7219"
"RENAPO","2024/09/04 17","Procesada","10777"
"RENAPO","2024/09/04 17","Procesada por Cache","5263"
"RENAPO","2024/09/04 17","Rechazada por limite de Transacciones permitidas","4303"
"RENAPO","2024/09/04 17","Recibida","1358"
"RENAPO","2024/09/04 17","Sin Respuesta de RENAPO","6614"
"RENAPO","2024/09/04 16","Procesada","10801"
"RENAPO","2024/09/04 16","Procesada por Cache","5262"
"RENAPO","2024/09/04 16","Rechazada por limite de Transacciones permitidas","4706"
"RENAPO","2024/09/04 16","Recibida","1701"
"RENAPO","2024/09/04 16","Sin Respuesta de RENAPO","6657"
"RENAPO","2024/09/04 15","Procesada","10628"
"RENAPO","2024/09/04 15","Procesada por Cache","5020"
"RENAPO","2024/09/04 15","Rechazada por limite de Transacciones permitidas","3159"
"RENAPO","2024/09/04 15","Recibida","1313"
"RENAPO","2024/09/04 15","Sin Respuesta de RENAPO","7309"
"RENAPO","2024/09/04 14","Procesada","10706"
"RENAPO","2024/09/04 14","Procesada por Cache","4974"
"RENAPO","2024/09/04 14","Rechazada por limite de Transacciones permitidas","3914"
"RENAPO","2024/09/04 14","Recibida","1251"
"RENAPO","2024/09/04 14","Sin Respuesta de RENAPO","7028"
"RENAPO","2024/09/04 13","Procesada","10550"
"RENAPO","2024/09/04 13","Procesada por Cache","5120"
"RENAPO","2024/09/04 13","Rechazada por limite de Transacciones permitidas","5074"
"RENAPO","2024/09/04 13","Recibida","1635"
"RENAPO","2024/09/04 13","Sin Respuesta de RENAPO","6143"
"RENAPO","2024/09/04 12","Procesada","10693"
"RENAPO","2024/09/04 12","Procesada por Cache","5069"
"RENAPO","2024/09/04 12","Rechazada por limite de Transacciones permitidas","4514"
"RENAPO","2024/09/04 12","Recibida","1724"
"RENAPO","2024/09/04 12","Sin Respuesta de RENAPO","6207"
"RENAPO","2024/09/04 11","Procesada","10670"
"RENAPO","2024/09/04 11","Procesada por Cache","5077"
"RENAPO","2024/09/04 11","Rechazada por limite de Transacciones permitidas","4427"
"RENAPO","2024/09/04 11","Recibida","1536"
"RENAPO","2024/09/04 11","Sin Respuesta de RENAPO","6171"
"RENAPO","2024/09/04 10","Procesada","10712"
"RENAPO","2024/09/04 10","Procesada por Cache","4814"
"RENAPO","2024/09/04 10","Rechazada por limite de Transacciones permitidas","394"
"RENAPO","2024/09/04 10","Recibida","1168"
"RENAPO","2024/09/04 10","Sin Respuesta de RENAPO","6409"
"RENAPO","2024/09/04 09","Procesada","10888"
"RENAPO","2024/09/04 09","Procesada por Cache","3444"
"RENAPO","2024/09/04 09","Sin Respuesta de RENAPO","1707"
"RENAPO","2024/09/04 08","Procesada","7202"
"RENAPO","2024/09/04 08","Procesada por Cache","2306"
"RENAPO","2024/09/04 08","Sin Respuesta de RENAPO","192"
"RENAPO","2024/09/04 07","Procesada","4242"
"RENAPO","2024/09/04 07","Procesada por Cache","1586"
"RENAPO","2024/09/04 07","Sin Respuesta de RENAPO","66"
"RENAPO","2024/09/04 06","Procesada","2132"
"RENAPO","2024/09/04 06","Procesada por Cache","978"
"RENAPO","2024/09/04 06","Sin Respuesta de RENAPO","34"
"RENAPO","2024/09/04 05","Procesada","1190"
"RENAPO","2024/09/04 05","Procesada por Cache","831"
"RENAPO","2024/09/04 05","Sin Respuesta de RENAPO","19"
"RENAPO","2024/09/04 04","Procesada","910"
"RENAPO","2024/09/04 04","Procesada por Cache","793"
"RENAPO","2024/09/04 04","Sin Respuesta de RENAPO","24"
"RENAPO","2024/09/04 03","Procesada","1007"
"RENAPO","2024/09/04 03","Procesada por Cache","1038"
"RENAPO","2024/09/04 03","Sin Respuesta de RENAPO","6"
"RENAPO","2024/09/04 02","Procesada","1502"
"RENAPO","2024/09/04 02","Procesada por Cache","963"
"RENAPO","2024/09/04 02","Sin Respuesta de RENAPO","29"
"RENAPO","2024/09/04 01","Procesada","2617"
"RENAPO","2024/09/04 01","Procesada por Cache","1337"
"RENAPO","2024/09/04 01","Sin Respuesta de RENAPO","39"
"RENAPO","2024/09/04 00","Procesada","4010"
"RENAPO","2024/09/04 00","Procesada por Cache","1583"
"RENAPO","2024/09/04 00","Sin Respuesta de RENAPO","83"
"RENAPO","2024/09/03 23","Procesada","6547"
"RENAPO","2024/09/03 23","Procesada por Cache","2626"
"RENAPO","2024/09/03 23","Rechazada por limite de Transacciones permitidas","7547"
"RENAPO","2024/09/03 23","Sin Respuesta de RENAPO","103"
"RENAPO","2024/09/03 22","Procesada","10862"
"RENAPO","2024/09/03 22","Procesada por Cache","3867"
"RENAPO","2024/09/03 22","Rechazada por limite de Transacciones permitidas","3929"
"RENAPO","2024/09/03 22","Sin Respuesta de RENAPO","308"
"RENAPO","2024/09/03 21","Procesada","11310"
"RENAPO","2024/09/03 21","Procesada por Cache","4630"
"RENAPO","2024/09/03 21","Rechazada por limite de Transacciones permitidas","27"
"RENAPO","2024/09/03 21","Sin Respuesta de RENAPO","3376"
"RENAPO","2024/09/03 20","Procesada","10747"
"RENAPO","2024/09/03 20","Procesada por Cache","4913"
"RENAPO","2024/09/03 20","Rechazada por limite de Transacciones permitidas","4"
"RENAPO","2024/09/03 20","Sin Respuesta de RENAPO","6644"
"RENAPO","2024/09/03 19","Procesada","10675"
"RENAPO","2024/09/03 19","Procesada por Cache","5188"
"RENAPO","2024/09/03 19","Rechazada por limite de Transacciones permitidas","543"
"RENAPO","2024/09/03 19","Recibida","752"
"RENAPO","2024/09/03 19","Sin Respuesta de RENAPO","7933"
"RENAPO","2024/09/03 18","Procesada","10756"
"RENAPO","2024/09/03 18","Procesada por Cache","5213"
"RENAPO","2024/09/03 18","Rechazada por limite de Transacciones permitidas","3267"
"RENAPO","2024/09/03 18","Recibida","1361"
"RENAPO","2024/09/03 18","Sin Respuesta de RENAPO","6645"
"RENAPO","2024/09/03 17","Procesada","10730"
"RENAPO","2024/09/03 17","Procesada por Cache","4676"
"RENAPO","2024/09/03 17","Rechazada por limite de Transacciones permitidas","3368"
"RENAPO","2024/09/03 17","Recibida","1029"
"RENAPO","2024/09/03 17","Sin Respuesta de RENAPO","7769"
"RENAPO","2024/09/03 16","Procesada","10728"
"RENAPO","2024/09/03 16","Procesada por Cache","4915"
"RENAPO","2024/09/03 16","Rechazada por limite de Transacciones permitidas","4347"
"RENAPO","2024/09/03 16","Recibida","1521"
"RENAPO","2024/09/03 16","Sin Respuesta de RENAPO","6820"
"RENAPO","2024/09/03 15","Procesada","10499"
"RENAPO","2024/09/03 15","Procesada por Cache","4926"
"RENAPO","2024/09/03 15","Rechazada por limite de Transacciones permitidas","4859"
"RENAPO","2024/09/03 15","Recibida","1327"
"RENAPO","2024/09/03 15","Sin Respuesta de RENAPO","6815"
"RENAPO","2024/09/03 14","Procesada","10562"
"RENAPO","2024/09/03 14","Procesada por Cache","4947"
"RENAPO","2024/09/03 14","Rechazada por limite de Transacciones permitidas","5282"
"RENAPO","2024/09/03 14","Recibida","1596"
"RENAPO","2024/09/03 14","Sin Respuesta de RENAPO","6586"
"RENAPO","2024/09/03 13","Procesada","10686"
"RENAPO","2024/09/03 13","Procesada por Cache","5048"
"RENAPO","2024/09/03 13","Rechazada por limite de Transacciones permitidas","5375"
"RENAPO","2024/09/03 13","Recibida","1570"
"RENAPO","2024/09/03 13","Sin Respuesta de RENAPO","6731"
"RENAPO","2024/09/03 12","Procesada","10689"
"RENAPO","2024/09/03 12","Procesada por Cache","5114"
"RENAPO","2024/09/03 12","Rechazada por limite de Transacciones permitidas","5606"
"RENAPO","2024/09/03 12","Recibida","1477"
"RENAPO","2024/09/03 12","Sin Respuesta de RENAPO","7045"
"RENAPO","2024/09/03 11","Procesada","10854"
"RENAPO","2024/09/03 11","Procesada por Cache","5395"
"RENAPO","2024/09/03 11","Rechazada por limite de Transacciones permitidas","6065"
"RENAPO","2024/09/03 11","Recibida","1276"
"RENAPO","2024/09/03 11","Sin Respuesta de RENAPO","7154"
"RENAPO","2024/09/03 10","Procesada","10672"
"RENAPO","2024/09/03 10","Procesada por Cache","4729"
"RENAPO","2024/09/03 10","Rechazada por limite de Transacciones permitidas","2360"
"RENAPO","2024/09/03 10","Recibida","1891"
"RENAPO","2024/09/03 10","Sin Respuesta de RENAPO","6309"
"RENAPO","2024/09/03 09","Procesada","10739"
"RENAPO","2024/09/03 09","Procesada por Cache","3162"
"RENAPO","2024/09/03 09","Rechazada por limite de Transacciones permitidas","6"
"RENAPO","2024/09/03 09","Recibida","3"
"RENAPO","2024/09/03 09","Sin Respuesta de RENAPO","2495"
"RENAPO","2024/09/03 08","Procesada","7472"
"RENAPO","2024/09/03 08","Procesada por Cache","2003"
"RENAPO","2024/09/03 08","Sin Respuesta de RENAPO","73"
"RENAPO","2024/09/03 07","Procesada","4203"
"RENAPO","2024/09/03 07","Procesada por Cache","1202"
"RENAPO","2024/09/03 07","Sin Respuesta de RENAPO","87"
"RENAPO","2024/09/03 06","Procesada","2164"
"RENAPO","2024/09/03 06","Procesada por Cache","772"
"RENAPO","2024/09/03 06","Sin Respuesta de RENAPO","28"
"RENAPO","2024/09/03 05","Procesada","1107"
"RENAPO","2024/09/03 05","Procesada por Cache","557"
"RENAPO","2024/09/03 05","Sin Respuesta de RENAPO","32"
"RENAPO","2024/09/03 04","Procesada","960"
"RENAPO","2024/09/03 04","Procesada por Cache","566"
"RENAPO","2024/09/03 04","Sin Respuesta de RENAPO","25"
"RENAPO","2024/09/03 03","Procesada","1155"
"RENAPO","2024/09/03 03","Procesada por Cache","654"
"RENAPO","2024/09/03 03","Sin Respuesta de RENAPO","24"
"RENAPO","2024/09/03 02","Procesada","1490"
"RENAPO","2024/09/03 02","Procesada por Cache","732"
"RENAPO","2024/09/03 02","Sin Respuesta de RENAPO","14"
"RENAPO","2024/09/03 01","Procesada","2328"
"RENAPO","2024/09/03 01","Procesada por Cache","925"
"RENAPO","2024/09/03 01","Sin Respuesta de RENAPO","46"
"RENAPO","2024/09/03 00","Procesada","4353"
"RENAPO","2024/09/03 00","Procesada por Cache","1532"
"RENAPO","2024/09/03 00","Sin Respuesta de RENAPO","79"
"RENAPO","2024/09/02 23","Procesada","7917"
"RENAPO","2024/09/02 23","Procesada por Cache","2415"
"RENAPO","2024/09/02 23","Sin Respuesta de RENAPO","112"
"RENAPO","2024/09/02 22","Procesada","11381"
"RENAPO","2024/09/02 22","Procesada por Cache","3413"
"RENAPO","2024/09/02 22","Rechazada por limite de Transacciones permitidas","610"
"RENAPO","2024/09/02 22","Sin Respuesta de RENAPO","559"
"RENAPO","2024/09/02 21","Procesada","11277"
"RENAPO","2024/09/02 21","Procesada por Cache","3679"
"RENAPO","2024/09/02 21","Rechazada por limite de Transacciones permitidas","6896"
"RENAPO","2024/09/02 21","Sin Respuesta de RENAPO","878"
"RENAPO","2024/09/02 20","Procesada","11260"
"RENAPO","2024/09/02 20","Procesada por Cache","4104"
"RENAPO","2024/09/02 20","Rechazada por limite de Transacciones permitidas","7060"
"RENAPO","2024/09/02 20","Sin Respuesta de RENAPO","2941"
"RENAPO","2024/09/02 19","Procesada","10719"
"RENAPO","2024/09/02 19","Procesada por Cache","4543"
"RENAPO","2024/09/02 19","Rechazada por limite de Transacciones permitidas","6820"
"RENAPO","2024/09/02 19","Recibida","91"
"RENAPO","2024/09/02 19","Sin Respuesta de RENAPO","6423"
"RENAPO","2024/09/02 18","Procesada","10552"
"RENAPO","2024/09/02 18","Procesada por Cache","4832"
"RENAPO","2024/09/02 18","Rechazada por limite de Transacciones permitidas","6311"
"RENAPO","2024/09/02 18","Recibida","416"
"RENAPO","2024/09/02 18","Sin Respuesta de RENAPO","7593"
"RENAPO","2024/09/02 17","Procesada","10636"
"RENAPO","2024/09/02 17","Procesada por Cache","4991"
"RENAPO","2024/09/02 17","Rechazada por limite de Transacciones permitidas","5139"
"RENAPO","2024/09/02 17","Recibida","1240"
"RENAPO","2024/09/02 17","Sin Respuesta de RENAPO","7398"
"RENAPO","2024/09/02 16","Procesada","10653"
"RENAPO","2024/09/02 16","Procesada por Cache","4931"
"RENAPO","2024/09/02 16","Rechazada por limite de Transacciones permitidas","5743"
"RENAPO","2024/09/02 16","Recibida","1506"
"RENAPO","2024/09/02 16","Sin Respuesta de RENAPO","6782"
"RENAPO","2024/09/02 15","Procesada","10656"
"RENAPO","2024/09/02 15","Procesada por Cache","5037"
"RENAPO","2024/09/02 15","Rechazada por limite de Transacciones permitidas","5182"
"RENAPO","2024/09/02 15","Recibida","1316"
"RENAPO","2024/09/02 15","Sin Respuesta de RENAPO","6991"
"RENAPO","2024/09/02 14","Procesada","10755"
"RENAPO","2024/09/02 14","Procesada por Cache","4988"
"RENAPO","2024/09/02 14","Rechazada por limite de Transacciones permitidas","5076"
"RENAPO","2024/09/02 14","Recibida","1463"
"RENAPO","2024/09/02 14","Sin Respuesta de RENAPO","6607"
"RENAPO","2024/09/02 13","Procesada","10515"
"RENAPO","2024/09/02 13","Procesada por Cache","4685"
"RENAPO","2024/09/02 13","Rechazada por limite de Transacciones permitidas","6491"
"RENAPO","2024/09/02 13","Recibida","1268"
"RENAPO","2024/09/02 13","Sin Respuesta de RENAPO","6988"
"RENAPO","2024/09/02 12","Procesada","10817"
"RENAPO","2024/09/02 12","Procesada por Cache","5250"
"RENAPO","2024/09/02 12","Rechazada por limite de Transacciones permitidas","8201"
"RENAPO","2024/09/02 12","Recibida","2382"
"RENAPO","2024/09/02 12","Sin Respuesta de RENAPO","5259"
"RENAPO","2024/09/02 11","Procesada","10965"
"RENAPO","2024/09/02 11","Procesada por Cache","5266"
"RENAPO","2024/09/02 11","Rechazada por limite de Transacciones permitidas","8445"
"RENAPO","2024/09/02 11","Recibida","2384"
"RENAPO","2024/09/02 11","Sin Respuesta de RENAPO","5092"
"RENAPO","2024/09/02 10","Procesada","10656"
"RENAPO","2024/09/02 10","Procesada por Cache","4754"
"RENAPO","2024/09/02 10","Rechazada por limite de Transacciones permitidas","2603"
"RENAPO","2024/09/02 10","Recibida","2563"
"RENAPO","2024/09/02 10","Sin Respuesta de RENAPO","5899"
"RENAPO","2024/09/02 09","Procesada","10057"
"RENAPO","2024/09/02 09","Procesada por Cache","2679"
"RENAPO","2024/09/02 09","Rechazada por limite de Transacciones permitidas","7"
"RENAPO","2024/09/02 09","Recibida","2"
"RENAPO","2024/09/02 09","Sin Respuesta de RENAPO","1327"
"RENAPO","2024/09/02 08","Procesada","7208"
"RENAPO","2024/09/02 08","Procesada por Cache","1732"
"RENAPO","2024/09/02 08","Sin Respuesta de RENAPO","80"
"RENAPO","2024/09/02 07","Procesada","4292"
"RENAPO","2024/09/02 07","Procesada por Cache","1045"
"RENAPO","2024/09/02 07","Sin Respuesta de RENAPO","92"
"RENAPO","2024/09/02 06","Procesada","2755"
"RENAPO","2024/09/02 06","Procesada por Cache","676"
"RENAPO","2024/09/02 06","Sin Respuesta de RENAPO","73"
"RENAPO","2024/09/02 05","Procesada","1840"
"RENAPO","2024/09/02 05","Procesada por Cache","512"
"RENAPO","2024/09/02 05","Sin Respuesta de RENAPO","41"
"RENAPO","2024/09/02 04","Procesada","1573"
"RENAPO","2024/09/02 04","Procesada por Cache","528"
"RENAPO","2024/09/02 04","Sin Respuesta de RENAPO","31"
"RENAPO","2024/09/02 03","Procesada","1928"
"RENAPO","2024/09/02 03","Procesada por Cache","579"
"RENAPO","2024/09/02 03","Sin Respuesta de RENAPO","61"
"RENAPO","2024/09/02 02","Procesada","2503"
"RENAPO","2024/09/02 02","Procesada por Cache","663"
"RENAPO","2024/09/02 02","Sin Respuesta de RENAPO","22"
"RENAPO","2024/09/02 01","Procesada","3624"
"RENAPO","2024/09/02 01","Procesada por Cache","946"
"RENAPO","2024/09/02 01","Sin Respuesta de RENAPO","46"
"RENAPO","2024/09/02 00","Procesada","5240"
"RENAPO","2024/09/02 00","Procesada por Cache","1310"
"RENAPO","2024/09/02 00","Sin Respuesta de RENAPO","64"
